<?xml version="1.0" encoding="UTF-8"?>
<addon id="repository.bleeding.edge" name="Kodi Bleeding Edge" version="1.0.0" provider-name="Valentin Marinov">
    <requires>
        <import addon="xbmc.addon" version="12.0.0"/>
    </requires>
    <extension point="xbmc.addon.repository" name="Kodi Bleeding Edge">
        <info compressed="false">https://raw.githubusercontent.com/mapmot/repository.bleeding.edge/master/addons.xml</info>
        <checksum>https://raw.githubusercontent.com/mapmot/repository.bleeding.edge/master/addons.xml.md5</checksum>
        <datadir zip="true">https://raw.githubusercontent.com/mapmot/repository.bleeding.edge/master</datadir>
        <hashes>false</hashes>
    </extension>
    <extension point="xbmc.addon.metadata">
        <summary> </summary>
        <description> </description>
        <platform>all</platform>
    </extension>
</addon>